id,timestamp,url,ACADEMIC_YEAR,ADDRESS_CITY,ADDRESS_PROVINCE,ADDRESS_STREET,ADMISSION_REQUIREMENTS,CODE,DEGREES,DIVISIONS,HISTORY,INSTITUTION_FUNDING,LANGUAGES,NOTE,OFFICERS,OTHER_SITES,PERIODICALS,POST_CODE,STUDENTS_STATISTICS_YEAR,STUDENTS_TOTAL,STUDENT_BODY,SUBTITLE,TITLE,URL,WWW,ACCREDITING_AGENCY,TUITION_FEES_INTENATIONAL,TUITION_FEES_NATIONAL
1,2026-01-01T19:06:25.022Z,https://www.whed.net/detail_institution.php?KDo2MF0sQ2BQLTMsYApgCg==,September to June (September-December; January-April; May-June). Also Summer Session (July-August),Calgary,Alberta,2500 University Drive North West,Secondary school certificate or recognized foreign equivalent,IAU-020053,"<div class=""dd""> <p class=""principal"">Baccalauréat/Bachelor's Degree</p> <p><span class=""libelle"">Fields of study:</span><span class=""contenu"">Accountancy, Actuarial Science, Anthropology, Archaeology, Architectural and Environmental Design, Architecture, Art History, Astrophysics, Biochemistry, Biological and Life Sciences, Biology, Biomedical Engineering, Biomedicine, Business and Commerce, Business Computing, Chemical Engineering, Chemistry, Civil Engineering, Communication Studies, Computer Science, Dance, Design, Development Studies, East Asian Studies, Ecology, Economics, Education, Electrical Engineering, Energy Engineering, English, Environmental Studies, Film, Finance, French, Gender Studies, Geography, Geology, Geophysics, Health Sciences, History, Indigenous Studies, Insurance, International Business, International Relations and Diplomacy, Landscape Architecture, Latin American Studies, Law, Linguistics, Management, Marketing, Mathematics, Mechanical Engineering, Medicine, Mediterranean Studies, Modern Languages, Music, Natural Sciences, Neurosciences, Nursing, Philosophy, Physics, Plant Pathology, Political Sciences, Psychology, Real Estate, Religious Studies, Small Business, Social Work, Sociology, Software Engineering, Spanish, Sports, Surveying and Mapping, Theatre, Town Planning, Transport Management, Urban Studies, Veterinary Science, Visual Arts, Zoology</span></p> <hr> <p class=""principal"">Maîtrise/Master's Degree</p> <p><span class=""libelle"">Fields of study:</span><span class=""contenu"">Anthropology, Archaeology, Architectural and Environmental Design, Architecture, Astronomy and Space Science, Biochemistry, Biological and Life Sciences, Biomedical Engineering, Business Administration, Chemical Engineering, Chemistry, Civil Engineering, Clinical Psychology, Communication Studies, Community Health, Computer Engineering, Computer Science, Data Processing, Economics, Education, Educational Psychology, Electrical Engineering, English, Environmental Engineering, Fine Arts, Geography, History, Immunology, Information Management, Landscape Architecture, Law, Linguistics, Management, Mathematics, Mechanical Engineering, Microbiology, Military Science, Modern Languages, Music, Neurosciences, Nursing, Petroleum and Gas Engineering, Philosophy, Political Sciences, Psychology, Religious Studies, Social Work, Sociology, Software Engineering, Statistics, Surveying and Mapping, Theatre, Veterinary Science</span></p> <hr> <p class=""principal"">Doctorat/Doctoral Degree</p> <p><span class=""libelle"">Fields of study:</span><span class=""contenu"">Astronomy and Space Science, Biochemistry, Biomedicine, Chemical Engineering, Civil Engineering, Communication Studies, Community Health, Computer Science, Economics, Education, Educational and Student Counselling, Educational Research, Engineering, English, Environmental Engineering, Film, Geography, Greek (Classical), History, Immunology, Latin, Linguistics, Management, Mathematics, Mechanical Engineering, Media Studies, Microbiology, Molecular Biology, Music, Neurosciences, Petroleum and Gas Engineering, Philosophy, Physical Therapy, Physics, Political Sciences, Production Engineering, Psychology, Religious Studies, Social Work, Sociology, Statistics, Veterinary Science</span></p> </div>","<div class=""dd""> <p class=""principal"">Centre : Advanced Technologies of Life Sciences</p> <p><span class=""libelle"">Fields of study:</span><span class=""contenu"">Biological and Life Sciences, Biomedicine, Health Sciences, Veterinary Science</span></p> <p><span class=""libelle"">More details:</span><span class=""contenu"">CAT</span></p> <hr> <p class=""principal"">Centre : Alberta Global Forum</p> <p><span class=""libelle"">Fields of study:</span><span class=""contenu"">Communication Studies, Cultural Studies</span></p> <hr> <p class=""principal"">Centre : Bioengineering Research and Education</p> <p><span class=""libelle"">Fields of study:</span><span class=""contenu"">Bioengineering</span></p> <p><span class=""libelle"">More details:</span><span class=""contenu"">CBRE</span></p> <hr> <p class=""principal"">Centre : Environmental Engineering Research and Education</p> <p><span class=""libelle"">Fields of study:</span><span class=""contenu"">Energy Engineering, Environmental Engineering</span></p> <p><span class=""libelle"">More details:</span><span class=""contenu"">CEERE</span></p> <hr> <p class=""principal"">Centre : Gifted Education</p> <p><span class=""libelle"">Fields of study:</span><span class=""contenu"">Special Education</span></p> <hr> <p class=""principal"">Centre : Health and Policy Studies</p> <p><span class=""libelle"">Fields of study:</span><span class=""contenu"">Public Health</span></p> <p><span class=""libelle"">More details:</span><span class=""contenu"">CHAPS</span></p> <hr> <p class=""principal"">Centre : Information Security and Cryptography</p> <p><span class=""libelle"">Fields of study:</span><span class=""contenu"">Computer Science, Mathematics</span></p> <hr> <p class=""principal"">Centre : Innovation Studies</p> <p><span class=""libelle"">More details:</span><span class=""contenu"">THECIS</span></p> <hr> <p class=""principal"">Centre : Innovative Technology</p> <p><span class=""libelle"">More details:</span><span class=""contenu"">Calgary - CCIT</span></p> <hr> <p class=""principal"">Centre : Institutional Research Information Services Solution</p> <p><span class=""libelle"">Fields of study:</span><span class=""contenu"">Information Sciences</span></p> <p><span class=""libelle"">More details:</span><span class=""contenu"">IRISS</span></p> <hr> <p class=""principal"">Centre : Mathematics in Life Sciences</p> <p><span class=""libelle"">Fields of study:</span><span class=""contenu"">Biological and Life Sciences, Ecology, Mathematics, Medicine</span></p> <hr> <p class=""principal"">Centre : Microsystems Engineering</p> <p><span class=""libelle"">Fields of study:</span><span class=""contenu"">Engineering</span></p> <p><span class=""libelle"">More details:</span><span class=""contenu"">CME</span></p> <hr> <p class=""principal"">Centre : Military and Strategic Studies</p> <p><span class=""libelle"">Fields of study:</span><span class=""contenu"">Military Science</span></p> <p><span class=""libelle"">More details:</span><span class=""contenu"">CMSS</span></p> <hr> <p class=""principal"">Centre : Pipeline Engineering</p> <p><span class=""libelle"">Fields of study:</span><span class=""contenu"">Mechanical Engineering, Petroleum and Gas Engineering</span></p> <p><span class=""libelle"">More details:</span><span class=""contenu"">PEC</span></p> <hr> <p class=""principal"">Centre : Public Interest Accounting</p> <p><span class=""libelle"">Fields of study:</span><span class=""contenu"">Accountancy</span></p> <p><span class=""libelle"">More details:</span><span class=""contenu"">CPIA</span></p> <hr> <p class=""principal"">Centre : Risk Studies</p> <p><span class=""libelle"">Fields of study:</span><span class=""contenu"">Management</span></p> <hr> <p class=""principal"">Centre : Social Work Research and Development</p> <p><span class=""libelle"">Fields of study:</span><span class=""contenu"">Social Work</span></p> <hr> <p class=""principal"">Centre : Study of Higher Education</p> <p><span class=""libelle"">Fields of study:</span><span class=""contenu"">Higher Education</span></p> <p><span class=""libelle"">More details:</span><span class=""contenu"">Canadian</span></p> <hr> <p class=""principal"">Centre : World Tourism Education and Research</p> <p><span class=""libelle"">Fields of study:</span><span class=""contenu"">Tourism</span></p> <hr> <p class=""principal"">Faculty : Arts</p> <p><span class=""libelle"">Fields of study:</span><span class=""contenu"">African Studies, Anthropology, Archaeology, Art Education, Canadian Studies, Communication Studies, Cultural Studies, Dance, Development Studies, Earth Sciences, East Asian Studies, Economics, English, French, Geography, German, Greek (Classical), Heritage Preservation, History, Indigenous Studies, International Relations and Diplomacy, International Studies, Italian, Latin, Latin American Studies, Law, Linguistics, Media Studies, Museum Studies, Music, Philosophy, Political Sciences, Psychology, Religious Studies, Slavic Languages, Sociology, Spanish, Technology, Theatre, Urban Studies, Women's Studies</span></p> <hr> <p class=""principal"">Faculty : Faculty of Nursing – Doha, Qatar</p> <p><span class=""libelle"">Fields of study:</span><span class=""contenu"">Nursing</span></p> <hr> <p class=""principal"">Faculty : Graduate Studies</p> <p><span class=""libelle"">Fields of study:</span><span class=""contenu"">Anthropology, Archaeology, Architecture, Arts and Humanities, Astronomy and Space Science, Biochemistry, Biological and Life Sciences, Biomedical Engineering, Business Administration, Cardiology, Chemical Engineering, Chemistry, Civil Engineering, Communication Studies, Computer Engineering, Computer Science, Continuing Education, Design, Earth Sciences, East Asian Studies, Economics, Education, Electrical Engineering, Energy Engineering, Engineering, English, Environmental Engineering, Fine Arts, French, Gastroenterology, Geography, German, Germanic Studies, Greek (Classical), History, Immunology, Italian, Latin, Law, Linguistics, Mathematics, Mechanical Engineering, Medicine, Microbiology, Military Science, Molecular Biology, Music, Natural Sciences, Neurosciences, Nursing, Petroleum and Gas Engineering, Philosophy, Physical Therapy, Physics, Political Sciences, Psycholinguistics, Psychology, Religious Studies, Respiratory Therapy, Slavic Languages, Social and Preventive Medicine, Social Work, Sociology, Spanish, Statistics, Surveying and Mapping, Theatre, Veterinary Science</span></p> <hr> <p class=""principal"">Faculty : Kinesiology</p> <p><span class=""libelle"">Fields of study:</span><span class=""contenu"">Anatomy, Health Sciences, Physical Therapy, Physiology, Rehabilitation and Therapy, Sports</span></p> <hr> <p class=""principal"">Faculty : Law</p> <p><span class=""libelle"">Fields of study:</span><span class=""contenu"">Law</span></p> <hr> <p class=""principal"">Faculty : Nursing</p> <p><span class=""libelle"">Fields of study:</span><span class=""contenu"">Nursing</span></p> <hr> <p class=""principal"">Faculty : Science</p> <p><span class=""libelle"">Fields of study:</span><span class=""contenu"">Astronomy and Space Science, Biological and Life Sciences, Chemistry, Computer Science, Earth Sciences, Environmental Studies, Mathematics, Nanotechnology, Natural Sciences, Physics, Statistics</span></p> <hr> <p class=""principal"">Faculty : Social Work</p> <p><span class=""libelle"">Fields of study:</span><span class=""contenu"">Social Work</span></p> <hr> <p class=""principal"">Faculty : Veterinary Medicine</p> <p><span class=""libelle"">Fields of study:</span><span class=""contenu"">Veterinary Science</span></p> <hr> <p class=""principal"">Institute : Advanced Policy Research</p> <hr> <p class=""principal"">Institute : Biocomplexity and Informatics</p> <p><span class=""libelle"">Fields of study:</span><span class=""contenu"">Biology, Molecular Biology</span></p> <hr> <p class=""principal"">Institute : Biogeoscience</p> <p><span class=""libelle"">Fields of study:</span><span class=""contenu"">Biological and Life Sciences, Biology, Botany, Earth Sciences, Ecology, Environmental Engineering, Environmental Management, Environmental Studies, Geography, Neurosciences, Surveying and Mapping, Wildlife</span></p> <hr> <p class=""principal"">Institute : Bone and Joint Health </p> <p><span class=""libelle"">Fields of study:</span><span class=""contenu"">Medicine, Rheumatology</span></p> <p><span class=""libelle"">More details:</span><span class=""contenu"">McCaig</span></p> <hr> <p class=""principal"">Institute : Gender Research</p> <p><span class=""libelle"">Fields of study:</span><span class=""contenu"">Gender Studies</span></p> <hr> <p class=""principal"">Institute : Humanities</p> <p><span class=""libelle"">Fields of study:</span><span class=""contenu"">Arts and Humanities</span></p> <p><span class=""libelle"">More details:</span><span class=""contenu"">Calgary</span></p> <hr> <p class=""principal"">Institute : Professional Communication</p> <p><span class=""libelle"">Fields of study:</span><span class=""contenu"">Communication Studies, Cultural Studies</span></p> <p><span class=""libelle"">More details:</span><span class=""contenu"">IPC</span></p> <hr> <p class=""principal"">Institute : Quantum Information Science</p> <p><span class=""libelle"">Fields of study:</span><span class=""contenu"">Applied Mathematics, Computer Science, Physics</span></p> <hr> <p class=""principal"">Institute : Space Research</p> <p><span class=""libelle"">Fields of study:</span><span class=""contenu"">Astronomy and Space Science</span></p> <hr> <p class=""principal"">Institute : Sustainable Energy, Environment and Economy</p> <p><span class=""libelle"">Fields of study:</span><span class=""contenu"">Economics, Energy Engineering, Environmental Studies</span></p> <hr> <p class=""principal"">Institute : United States Policy Research</p> <p><span class=""libelle"">Fields of study:</span><span class=""contenu"">Economics, International Relations and Diplomacy, Political Sciences</span></p> <hr> <p class=""principal"">Research Division : Fine Arts</p> <p><span class=""libelle"">Fields of study:</span><span class=""contenu"">Fine Arts</span></p> <p><span class=""libelle"">More details:</span><span class=""contenu"">CRFA</span></p> <hr> <p class=""principal"">Research Division : Informatics</p> <p><span class=""libelle"">Fields of study:</span><span class=""contenu"">Computer Science</span></p> <hr> <p class=""principal"">Research Division : Language</p> <p><span class=""libelle"">Fields of study:</span><span class=""contenu"">Linguistics, Modern Languages</span></p> <hr> <p class=""principal"">Research Division : Latin American</p> <p><span class=""libelle"">Fields of study:</span><span class=""contenu"">Latin American Studies</span></p> <p><span class=""libelle"">More details:</span><span class=""contenu"">LARC</span></p> <hr> <p class=""principal"">School : Architecture, Planning and Landscape</p> <p><span class=""libelle"">Fields of study:</span><span class=""contenu"">Architectural and Environmental Design, Architecture, Design, Environmental Studies, Landscape Architecture, Town Planning, Urban Studies</span></p> <hr> <p class=""principal"">School : Business</p> <p><span class=""libelle"">Fields of study:</span><span class=""contenu"">Accountancy, Business Administration, Business and Commerce, Finance, Hotel and Restaurant, Human Resources, Information Sciences, International Business, Management, Marketing, Operations Research, Tourism</span></p> <p><span class=""libelle"">More details:</span><span class=""contenu"">Haskayne</span></p> <hr> <p class=""principal"">School : Education</p> <p><span class=""libelle"">Fields of study:</span><span class=""contenu"">Education, Psychology, Teacher Training</span></p> <p><span class=""libelle"">More details:</span><span class=""contenu"">Werklund</span></p> <hr> <p class=""principal"">School : Engineering</p> <p><span class=""libelle"">Fields of study:</span><span class=""contenu"">Bioengineering, Biomedical Engineering, Chemical Engineering, Civil Engineering, Computer Engineering, Electrical Engineering, Engineering, Environmental Engineering, Mechanical Engineering, Petroleum and Gas Engineering, Software Engineering, Surveying and Mapping</span></p> <p><span class=""libelle"">More details:</span><span class=""contenu"">Schulich</span></p> <hr> <p class=""principal"">School : Medicine</p> <p><span class=""libelle"">Fields of study:</span><span class=""contenu"">Anatomy, Biochemistry, Cardiology, Cell Biology, Genetics, Health Sciences, Laboratory Techniques, Medicine, Microbiology, Molecular Biology, Neurosciences, Obstetrics and Gynaecology, Oncology, Paediatrics, Pathology, Pharmacology, Physiology, Psychiatry and Mental Health, Radiology, Rehabilitation and Therapy, Surgery, Veterinary Science</span></p> <p><span class=""libelle"">More details:</span><span class=""contenu"">Cumming</span></p> </div>","Founded 1960 as University of Alberta at Calgary, and acquired present status and title 1966",Public,English,"Also Combined Degree Programmes (Bachelor/Master), 5 yrs; Postgraduate Medical Education; MBA","<div class=""dd""> <p class=""principal"">Head : Ed McCauley</p> <p><span class=""libelle"">Job title:</span><span class=""contenu"">President</span></p> <hr> <p class=""principal"">Senior Administrative Officer : James Allan</p> <p><span class=""libelle"">Job title:</span><span class=""contenu"">Vice-President (Advancement)</span></p> <hr> <p class=""principal"">International Relations Officer : Kate Hamilton</p> <p><span class=""libelle"">Job title:</span><span class=""contenu"">Vice President, External Relations</span></p> </div>",Also Consortium for Research in Elastic Wave Exploration Seismology,Arctic,T2N 1N4,2021-2022,36437,co-ed,(U of C),University of Calgary,https://www.whed.net/institutions/IAU-020053,https://www.ucalgary.ca,,,
1,2026-01-01T19:06:25.022Z,https://www.whed.net/detail_institution.php?KDo2MF0sQ2BQLTMsYApgCg==,,,,,,,,,,,,,,,Ariel,,,,,,,,,,,
1,2026-01-01T19:06:25.022Z,https://www.whed.net/detail_institution.php?KDo2MF0sQ2BQLTMsYApgCg==,,,,,,,,,,,,,,,Canadian Ethnic Studies,,,,,,,,,,,
1,2026-01-01T19:06:25.022Z,https://www.whed.net/detail_institution.php?KDo2MF0sQ2BQLTMsYApgCg==,,,,,,,,,,,,,,,Canadian Journal of Law and Society,,,,,,,,,,,
1,2026-01-01T19:06:25.022Z,https://www.whed.net/detail_institution.php?KDo2MF0sQ2BQLTMsYApgCg==,,,,,,,,,,,,,,,Canadian Journal of Philosophy,,,,,,,,,,,
1,2026-01-01T19:06:25.022Z,https://www.whed.net/detail_institution.php?KDo2MF0sQ2BQLTMsYApgCg==,,,,,,,,,,,,,,,Canadian Review of American Studies,,,,,,,,,,,
1,2026-01-01T19:06:25.022Z,https://www.whed.net/detail_institution.php?KDo2MF0sQ2BQLTMsYApgCg==,,,,,,,,,,,,,,,Classical Views/Echos du Monde Classique,,,,,,,,,,,
1,2026-01-01T19:06:25.022Z,https://www.whed.net/detail_institution.php?KDo2MF0sQ2BQLTMsYApgCg==,,,,,,,,,,,,,,,Grove,,,,,,,,,,,
1,2026-01-01T19:06:25.022Z,https://www.whed.net/detail_institution.php?KDo2MF0sQ2BQLTMsYApgCg==,,,,,,,,,,,,,,,International Journal of Drama and Theatre,,,,,,,,,,,
1,2026-01-01T19:06:25.022Z,https://www.whed.net/detail_institution.php?KDo2MF0sQ2BQLTMsYApgCg==,,,,,,,,,,,,,,,Journal of Child and Youth Care,,,,,,,,,,,
1,2026-01-01T19:06:25.022Z,https://www.whed.net/detail_institution.php?KDo2MF0sQ2BQLTMsYApgCg==,,,,,,,,,,,,,,,Journal of Comparative Family Studies,,,,,,,,,,,
1,2026-01-01T19:06:25.022Z,https://www.whed.net/detail_institution.php?KDo2MF0sQ2BQLTMsYApgCg==,,,,,,,,,,,,,,,Journal of Educational Thought,,,,,,,,,,,
1,2026-01-01T19:06:25.022Z,https://www.whed.net/detail_institution.php?KDo2MF0sQ2BQLTMsYApgCg==,,,,,,,,,,,,,,,Journal of Military and Strategic Studies,,,,,,,,,,,
27,2026-01-01T19:06:27.339Z,https://www.whed.net/detail_institution.php?KDo2MF0sMzBSLVMkYApgCg==,September to April (September-December; January-April). Also Summer Semesters,Halifax,Nova Scotia,923 Robie Street,Secondary school certificate or recognized foreign equivalent; TOEFL test for foreign students,IAU-014271,"<div class=""dd""> <p class=""principal"">Baccalauréat/Bachelor's Degree</p> <p><span class=""libelle"">Fields of study:</span><span class=""contenu"">Accountancy, Ancient Civilizations, Anthropology, Asian Studies, Astrophysics, Biology, Canadian Studies, Chemistry, Computer Science, Criminology, Cultural Studies, Development Studies, Economics, Engineering, English, Entrepreneurship, Environmental Studies, Film, Finance, Forensic Medicine and Dentistry, French, Gender Studies, Geography, Geology, German, History, Human Resources, Information Management, International Business, Irish, Linguistics, Management, Marketing, Mathematics, Philosophy, Physics, Political Sciences, Psychology, Religious Studies, Social Welfare, Sociology, Spanish, Women's Studies</span></p> <hr> <p class=""principal"">Maîtrise/Master's Degree</p> <p><span class=""libelle"">Fields of study:</span><span class=""contenu"">Astronomy and Space Science, Business Administration, Canadian Studies, Computer Science, Criminology, Data Processing, Development Studies, Economics, Entrepreneurship, Finance, Geography, History, Industrial and Organizational Psychology, Management, Native Language Education, Natural Sciences, Philosophy, Psychology, Theology, Women's Studies</span></p> <hr> <p class=""principal"">Doctorat/Doctoral Degree</p> <p><span class=""libelle"">Fields of study:</span><span class=""contenu"">Astronomy and Space Science, Business Administration, Development Studies, Industrial and Organizational Psychology, Natural Sciences</span></p> </div>","<div class=""dd""> <p class=""principal"">Faculty : Arts</p> <p><span class=""libelle"">Fields of study:</span><span class=""contenu"">Ancient Civilizations, Anthropology, Asian Studies, Business Administration, Canadian Studies, Chinese, Classical Languages, Criminology, Development Studies, Economics, English, Film, French, Gender Studies, Geography, German, Greek (Classical), Hispanic American Studies, History, Irish, Japanese, Latin, Linguistics, Mathematics, Modern Languages, Philosophy, Political Sciences, Psychology, Religious Studies, Sociology, Spanish, Theology, Women's Studies</span></p> <hr> <p class=""principal"">Faculty : Education</p> <p><span class=""libelle"">Fields of study:</span><span class=""contenu"">Education, Foreign Languages Education, Linguistics, Mathematics Education, Teacher Training</span></p> <hr> <p class=""principal"">Faculty : Science</p> <p><span class=""libelle"">Fields of study:</span><span class=""contenu"">Applied Physics, Astronomy and Space Science, Astrophysics, Biology, Chemistry, Computer Science, Engineering, Environmental Studies, Forensic Medicine and Dentistry, Geography, Geology, Industrial and Organizational Psychology, Mathematics, Mathematics Education, Physics, Psychology</span></p> <hr> <p class=""principal"">School : Business</p> <p><span class=""libelle"">Fields of study:</span><span class=""contenu"">Accountancy, Business Administration, Computer Science, Economics, Finance, Human Resources, Information Sciences, Information Technology, International Business, Labour and Industrial Relations, Management, Marketing</span></p> <p><span class=""libelle"">More details:</span><span class=""contenu"">Sobey</span></p> </div>","Founded 1802 as Saint Mary's College, acquired present status and title 1841. From 1970, a public, non-denominational institution.",Public,English,"Also Bachelor of Arts (Honours) degree; Executive MBA, 18 months; Accelerated MBA, 12-28 months; MBA-CMA, 24 months; Professional certificates","<div class=""dd""> <p class=""principal"">Head : Robert Summerby-Murray</p> <p><span class=""libelle"">Job title:</span><span class=""contenu"">President</span></p> <hr> <p class=""principal"">Senior Administrative Officer : Madine VanderPlaat</p> <p><span class=""libelle"">Job title:</span><span class=""contenu"">Vice-President, Academic and Research</span></p> <hr> <p class=""principal"">International Relations Officer : Miyuki Arai</p> <p><span class=""libelle"">Job title:</span><span class=""contenu"">Director, Global Learning Services, Global Learning and Intercultural Support</span></p> </div>",,Maroon and White,B3H 3C3,2024-2025,5990,co-ed,,Saint Mary's University,https://www.whed.net/institutions/IAU-014271,https://www.smu.ca,Nova Scotia Department of Advanced Education,Undergraduate: 1217.40-1379.40 per half credit (3 credit hours) course (CAD),Undergraduate: 539-701 per half credit (3 credit hours) course for Canadian students (though the Nova Scotia University Student Bursary reduces the cost) (CAD)
27,2026-01-01T19:06:27.339Z,https://www.whed.net/detail_institution.php?KDo2MF0sMzBSLVMkYApgCg==,,,,,,,,,,,,,,,The Times,,,,,,,,,,,
53,2026-01-01T19:06:29.645Z,https://www.whed.net/detail_institution.php?KDo2MF0sMyRULjNEYApgCg==,September to April (September-December; January-April),Hamilton,Ontario,1280 Main Street West,Secondary school certificate or recognized foreign equivalent,IAU-011499,"<div class=""dd""> <p class=""principal"">Baccalauréat/Bachelor's Degree</p> <hr> <p class=""principal"">Baccalauréat spécialisé/Bachelor’s Degree - Honours</p> <p><span class=""libelle"">Fields of study:</span><span class=""contenu"">Music</span></p> <hr> <p class=""principal"">Diplôme et certificat de 2e cycle/Graduate Diploma and Certificate</p> <p><span class=""libelle"">Fields of study:</span><span class=""contenu"">Accountancy, Behavioural Sciences, Epidemiology, Gender Studies, Nuclear Engineering, Nursing, Public Health, Social Work, Water Science</span></p> <hr> <p class=""principal"">Maîtrise/Master's Degree</p> <p><span class=""libelle"">Fields of study:</span><span class=""contenu"">Anthropology, Astronomy and Space Science, Biochemistry, Biology, Biomedical Engineering, Business Administration, Chemical Engineering, Chemistry, Civil Engineering, Classical Languages, Cognitive Sciences, Communication Studies, Computer Science, Cultural Studies, Earth Sciences, Economic and Finance Policy, Economics, Electrical Engineering, Engineering, English, Finance, French, Gender Studies, Geography, Health Administration, History, Materials Engineering, Mathematics, Mechanical Engineering, Medicine, Midwifery, Neurosciences, Nuclear Engineering, Nursing, Occupational Therapy, Philosophy, Physical Therapy, Physics, Political Sciences, Psychology, Psychotherapy, Public Health, Rehabilitation and Therapy, Religious Studies, Social Work, Sociology, Software Engineering, Speech Therapy and Audiology, Statistics</span></p> <hr> <p class=""principal"">Doctorat/Doctoral Degree</p> <p><span class=""libelle"">Fields of study:</span><span class=""contenu"">Biochemistry, Biology, Biomedical Engineering, Medicine, Neurosciences</span></p> </div>","<div class=""dd""> <p class=""principal"">Centre : Ancient DNA</p> <p><span class=""libelle"">More details:</span><span class=""contenu"">McMaster</span></p> <hr> <p class=""principal"">Centre : Child Studies</p> <p><span class=""libelle"">Fields of study:</span><span class=""contenu"">Child Care and Development</span></p> <p><span class=""libelle"">More details:</span><span class=""contenu"">Offord</span></p> <hr> <p class=""principal"">Centre : Climate Change</p> <p><span class=""libelle"">Fields of study:</span><span class=""contenu"">Meteorology</span></p> <p><span class=""libelle"">More details:</span><span class=""contenu"">McMaster</span></p> <hr> <p class=""principal"">Centre : Emerging Device Technologies</p> <p><span class=""libelle"">Fields of study:</span><span class=""contenu"">Technology</span></p> <hr> <p class=""principal"">Centre : Evaluation of Medicines</p> <p><span class=""libelle"">Fields of study:</span><span class=""contenu"">Medicine</span></p> <hr> <p class=""principal"">Centre : Functional Genomics</p> <p><span class=""libelle"">Fields of study:</span><span class=""contenu"">Genetics</span></p> <hr> <p class=""principal"">Centre : Gene Therapeutics</p> <p><span class=""libelle"">Fields of study:</span><span class=""contenu"">Genetics</span></p> <hr> <p class=""principal"">Centre : Health Economics and Policy Analysis</p> <p><span class=""libelle"">Fields of study:</span><span class=""contenu"">Economics</span></p> <hr> <p class=""principal"">Centre : Microbial Chemical Biology</p> <p><span class=""libelle"">Fields of study:</span><span class=""contenu"">Biology</span></p> <hr> <p class=""principal"">Centre : Minimal Access Surgery</p> <p><span class=""libelle"">Fields of study:</span><span class=""contenu"">Surgery</span></p> <hr> <p class=""principal"">Centre : Peace Studies</p> <p><span class=""libelle"">Fields of study:</span><span class=""contenu"">Peace and Disarmament</span></p> <hr> <p class=""principal"">Centre : Probe Development and Commercialization</p> <hr> <p class=""principal"">Centre : Spatial Analysis</p> <hr> <p class=""principal"">Centre : Statistics Canada Research Data</p> <p><span class=""libelle"">Fields of study:</span><span class=""contenu"">Statistics</span></p> <hr> <p class=""principal"">Centre : Surgical Invention and Innovation</p> <p><span class=""libelle"">Fields of study:</span><span class=""contenu"">Surgery</span></p> <hr> <p class=""principal"">College : Mc Master Divinity College</p> <p><span class=""libelle"">Fields of study:</span><span class=""contenu"">Religion, Theology</span></p> <hr> <p class=""principal"">Course/Programme : Arts and Science</p> <hr> <p class=""principal"">Course/Programme : Indigenous Studies</p> <hr> <p class=""principal"">Faculty : Engineering</p> <p><span class=""libelle"">Fields of study:</span><span class=""contenu"">Biomedical Engineering, Business Computing, Chemical Engineering, Civil Engineering, Computer Engineering, Electrical Engineering, Electronic Engineering, Engineering, Engineering Drawing and Design, Engineering Management, Materials Engineering, Mechanical Engineering, Physics, Production Engineering, Software Engineering, Technology</span></p> <hr> <p class=""principal"">Faculty : Health Sciences</p> <p><span class=""libelle"">Fields of study:</span><span class=""contenu"">Anaesthesiology, Behavioural Sciences, Biochemistry, Biomedicine, Cardiology, Endocrinology, Epidemiology, Gastroenterology, Gerontology, Haematology, Health Sciences, Immunology, Medical Auxiliaries, Medicine, Microbiology, Molecular Biology, Nephrology, Neurology, Neurosciences, Nursing, Obstetrics and Gynaecology, Occupational Therapy, Oncology, Ophthalmology, Orthopaedics, Otorhinolaryngology, Paediatrics, Pathology, Physical Therapy, Plastic Surgery, Psychiatry and Mental Health, Radiology, Rehabilitation and Therapy, Respiratory Therapy, Rheumatology, Social and Preventive Medicine, Statistics, Surgery, Urology</span></p> <hr> <p class=""principal"">Faculty : Humanities</p> <p><span class=""libelle"">Fields of study:</span><span class=""contenu"">Acting, Ancient Civilizations, Archaeology, Art History, Asian Studies, Cinema and Television, Cognitive Sciences, Communication Studies, Comparative Literature, Cultural Studies, English, Film, Fine Arts, French, Gender Studies, German, Greek (Classical), History, Italian, Japanese, Latin, Linguistics, Literature, Modern Languages, Multimedia, Music, Music Education, Musical Instruments, Painting and Drawing, Peace and Disarmament, Performing Arts, Philology, Philosophy, Polish, Printing and Printmaking, Russian, Sculpture, Spanish, Theatre, Women's Studies</span></p> <hr> <p class=""principal"">Faculty : Science</p> <p><span class=""libelle"">Fields of study:</span><span class=""contenu"">Astronomy and Space Science, Behavioural Sciences, Biochemistry, Biology, Biomedicine, Biophysics, Cell Biology, Chemistry, Earth Sciences, Ecology, Environmental Studies, Geochemistry, Geography, Geography (Human), Mathematics, Neurosciences, Physical Therapy, Physics, Psychology, Radiology, Statistics, Water Science</span></p> <hr> <p class=""principal"">Faculty : Social Sciences</p> <p><span class=""libelle"">Fields of study:</span><span class=""contenu"">Accountancy, Anthropology, Archaeology, Asian Religious Studies, Behavioural Sciences, Bible, Business Administration, Christian Religious Studies, Cognitive Sciences, Cultural Studies, Earth Sciences, Economics, Environmental Studies, Experimental Psychology, Finance, Geography (Human), Gerontology, Health Sciences, International Business, International Relations and Diplomacy, International Studies, Islamic Theology, Judaic Religious Studies, Labour and Industrial Relations, Linguistics, Neurosciences, Political Sciences, Psychology, Public Administration, Religious Studies, Social Problems, Social Psychology, Social Sciences, Social Work, Sociology, Water Science</span></p> <hr> <p class=""principal"">Institute : Applied Radiation Sciences</p> <p><span class=""libelle"">More details:</span><span class=""contenu"">McMaster - McIARS</span></p> <hr> <p class=""principal"">Institute : Automotive Research and Technology</p> <p><span class=""libelle"">Fields of study:</span><span class=""contenu"">Automotive Engineering</span></p> <p><span class=""libelle"">More details:</span><span class=""contenu"">McMaster - MacAUTO</span></p> <hr> <p class=""principal"">Institute : Confucius</p> <p><span class=""libelle"">Fields of study:</span><span class=""contenu"">Asian Studies, Chinese</span></p> <hr> <p class=""principal"">Institute : Energy Studies</p> <p><span class=""libelle"">Fields of study:</span><span class=""contenu"">Energy Engineering</span></p> <p><span class=""libelle"">More details:</span><span class=""contenu"">McMaster</span></p> <hr> <p class=""principal"">Institute : Globalization and the Human Condition</p> <hr> <p class=""principal"">Institute : Molecular Biology and Biotechnology</p> <p><span class=""libelle"">Fields of study:</span><span class=""contenu"">Biotechnology, Molecular Biology</span></p> <p><span class=""libelle"">More details:</span><span class=""contenu"">McMaster</span></p> <hr> <p class=""principal"">Institute : Polymer Production Technology</p> <p><span class=""libelle"">Fields of study:</span><span class=""contenu"">Polymer and Plastics Technology</span></p> <p><span class=""libelle"">More details:</span><span class=""contenu"">McMaster</span></p> <hr> <p class=""principal"">Institute : Respiratory Health</p> <p><span class=""libelle"">Fields of study:</span><span class=""contenu"">Respiratory Therapy</span></p> <p><span class=""libelle"">More details:</span><span class=""contenu"">Firestone</span></p> <hr> <p class=""principal"">Institute : Transportation and Logistics</p> <p><span class=""libelle"">Fields of study:</span><span class=""contenu"">Transport and Communications, Transport Management</span></p> <p><span class=""libelle"">More details:</span><span class=""contenu"">McMaster</span></p> <hr> <p class=""principal"">Institute : Water, Environment and Health</p> <p><span class=""libelle"">Fields of study:</span><span class=""contenu"">Environmental Studies, Health Sciences, Water Science</span></p> <p><span class=""libelle"">More details:</span><span class=""contenu"">(UNU-INWEH)</span></p> <hr> <p class=""principal"">Research Division : Antimicrobial</p> <hr> <p class=""principal"">Research Division : Bertrand Russell</p> <hr> <p class=""principal"">Research Division : Child Health</p> <p><span class=""libelle"">Fields of study:</span><span class=""contenu"">Health Administration</span></p> <p><span class=""libelle"">More details:</span><span class=""contenu"">McMaster</span></p> <hr> <p class=""principal"">Research Division : Childhood Disability</p> <p><span class=""libelle"">Fields of study:</span><span class=""contenu"">Rehabilitation and Therapy</span></p> <p><span class=""libelle"">More details:</span><span class=""contenu"">CanChild</span></p> <hr> <p class=""principal"">Research Division : eBusiness</p> <p><span class=""libelle"">Fields of study:</span><span class=""contenu"">E-Business/Commerce</span></p> <p><span class=""libelle"">More details:</span><span class=""contenu"">McMaster - MeRC</span></p> <hr> <p class=""principal"">Research Division : Gerontological Health</p> <p><span class=""libelle"">Fields of study:</span><span class=""contenu"">Gerontology</span></p> <p><span class=""libelle"">More details:</span><span class=""contenu"">R. Samuel McLaughlin</span></p> <hr> <p class=""principal"">Research Division : Henderson</p> <hr> <p class=""principal"">Research Division : Infectious Disease</p> <p><span class=""libelle"">Fields of study:</span><span class=""contenu"">Epidemiology</span></p> <p><span class=""libelle"">More details:</span><span class=""contenu"">Michael G. DeGroote</span></p> <hr> <p class=""principal"">Research Division : Management of Innovation and New Technology</p> <p><span class=""libelle"">Fields of study:</span><span class=""contenu"">Engineering Management, Technology</span></p> <hr> <p class=""principal"">Research Division : Manufacturing</p> <p><span class=""libelle"">Fields of study:</span><span class=""contenu"">Production Engineering</span></p> <p><span class=""libelle"">More details:</span><span class=""contenu"">McMaster</span></p> <hr> <p class=""principal"">Research Division : Materials</p> <p><span class=""libelle"">Fields of study:</span><span class=""contenu"">Materials Engineering</span></p> <p><span class=""libelle"">More details:</span><span class=""contenu"">Brockhouse</span></p> <hr> <p class=""principal"">Research Division : Medical Imagining Informatics</p> <p><span class=""libelle"">Fields of study:</span><span class=""contenu"">Medical Technology</span></p> <p><span class=""libelle"">More details:</span><span class=""contenu"">MIIRC@M</span></p> <hr> <p class=""principal"">Research Division : Network for Evaluation of Education and Training Technologies</p> <p><span class=""libelle"">Fields of study:</span><span class=""contenu"">Educational Technology</span></p> <hr> <p class=""principal"">Research Division : Population Health</p> <p><span class=""libelle"">Fields of study:</span><span class=""contenu"">Public Health</span></p> <hr> <p class=""principal"">Research Division : Promotion of Women's Health</p> <p><span class=""libelle"">Fields of study:</span><span class=""contenu"">Women's Studies</span></p> <hr> <p class=""principal"">Research Division : Pulp and Paper</p> <p><span class=""libelle"">Fields of study:</span><span class=""contenu"">Paper Technology</span></p> <p><span class=""libelle"">More details:</span><span class=""contenu"">McMaster</span></p> <hr> <p class=""principal"">Research Division : Quantitative Studies in Economics and Population</p> <p><span class=""libelle"">Fields of study:</span><span class=""contenu"">Demography and Population, Economics</span></p> <hr> <p class=""principal"">Research Division : Steel</p> <p><span class=""libelle"">Fields of study:</span><span class=""contenu"">Metal Techniques</span></p> <hr> <p class=""principal"">Research Division : Surgical Outcomes</p> <p><span class=""libelle"">Fields of study:</span><span class=""contenu"">Surgery</span></p> <hr> <p class=""principal"">School : Business</p> <p><span class=""libelle"">Fields of study:</span><span class=""contenu"">Accountancy, Business Administration, Business and Commerce, Engineering Management, Finance, Human Resources, Information Sciences, Management, Marketing</span></p> <p><span class=""libelle"">More details:</span><span class=""contenu"">DeGroote</span></p> <hr> <p class=""principal"">School : Graduate Studies</p> <p><span class=""libelle"">Fields of study:</span><span class=""contenu"">Ancient Civilizations, Anthropology, Astronomy and Space Science, Behavioural Sciences, Biochemistry, Biology, Biomedicine, Business Administration, Chemical Engineering, Chemistry, Civil Engineering, Classical Languages, Cognitive Sciences, Communication Studies, Computer Engineering, Cultural Studies, Earth Sciences, Economics, Electrical Engineering, Engineering, Engineering Management, English, French, Gender Studies, Geography, Gerontology, Greek (Classical), Health Administration, Health Sciences, History, Labour and Industrial Relations, Latin, Materials Engineering, Mathematics, Mechanical Engineering, Media Studies, Medical Technology, Metal Techniques, Neurosciences, Nuclear Engineering, Nursing, Occupational Therapy, Philosophy, Physical Therapy, Physics, Political Sciences, Psychology, Rehabilitation and Therapy, Religious Studies, Social Sciences, Social Work, Sociology, Software Engineering, Statistics, Surveying and Mapping</span></p> </div>",Founded 1887 in Toronto and located in Hamilton 1930. A non-denominational private foundation.,Public,English,,"<div class=""dd""> <p class=""principal"">Head : David Farrar</p> <p><span class=""libelle"">Job title:</span><span class=""contenu"">President and Vice-Chancellor</span></p> <hr> <p class=""principal"">Senior Administrative Officer : Susan Tighe</p> <p><span class=""libelle"">Job title:</span><span class=""contenu"">Provost and Vice-President (Academic)</span></p> <hr> <p class=""principal"">International Relations Officer : Bonny Ibhawoh</p> <p><span class=""libelle"">Job title:</span><span class=""contenu"">Vice-Provost, International Affairs</span></p> <hr> <p class=""principal"">International Relations Officer : Paul Leegsma</p> <p><span class=""libelle"">Job title:</span><span class=""contenu"">Project Officer, Office of International Affairs</span></p> </div>",Also Teaching Hospitals,Journal of the Bertrand Russell Archives,L8S4L8,2014-2015,30117,co-ed,McMaster,McMaster University,https://www.whed.net/institutions/IAU-011499,http://mcmaster.ca,,,
53,2026-01-01T19:06:29.645Z,https://www.whed.net/detail_institution.php?KDo2MF0sMyRULjNEYApgCg==,,,,,,,,,,,,,,,Library Research News,,,,,,,,,,,
53,2026-01-01T19:06:29.645Z,https://www.whed.net/detail_institution.php?KDo2MF0sMyRULjNEYApgCg==,,,,,,,,,,,,,,,McMaster Nuclear Reactor Research Report,,,,,,,,,,,
53,2026-01-01T19:06:29.645Z,https://www.whed.net/detail_institution.php?KDo2MF0sMyRULjNEYApgCg==,,,,,,,,,,,,,,,McMaster Times,,,,,,,,,,,
53,2026-01-01T19:06:29.645Z,https://www.whed.net/detail_institution.php?KDo2MF0sMyRULjNEYApgCg==,,,,,,,,,,,,,,,McMaster University Medical Centre Report,,,,,,,,,,,
53,2026-01-01T19:06:29.645Z,https://www.whed.net/detail_institution.php?KDo2MF0sMyRULjNEYApgCg==,,,,,,,,,,,,,,,Research Bulletin,,,,,,,,,,,
79,2026-01-01T19:06:31.999Z,https://www.whed.net/detail_institution.php?KDo2MF0sMyxYLSMkYApgCg==,September to April (September-December; January-April),Kingston,Ontario,99 University Avenue,Secondary school certificate or recognized foreign equivalent,IAU-013841,"<div class=""dd""> <p class=""principal"">Certificat et diplôme universitaire/University certificate and diploma</p> <hr> <p class=""principal"">Baccalauréat/Bachelor's Degree</p> <hr> <p class=""principal"">Baccalauréat spécialisé/Bachelor’s Degree - Honours</p> <hr> <p class=""principal"">Maîtrise/Master's Degree</p> <hr> <p class=""principal"">Diplôme et certificat de 2e cycle/Graduate Diploma and Certificate</p> <p><span class=""libelle"">Fields of study:</span><span class=""contenu"">Accountancy, Art Management, Business Administration, Education, Nursing, Water Management</span></p> <hr> <p class=""principal"">Doctorat/Doctoral Degree</p> <p><span class=""libelle"">Fields of study:</span><span class=""contenu"">Art History, Astrophysics, Biology, Biomedical Engineering, Biomedicine, Business Administration, Chemical Engineering, Chemistry, Civil Engineering, Computer Engineering, Computer Science, Cultural Studies, Economics, Education, Electrical Engineering, English, Environmental Studies, Epidemiology, French Studies, Geography, Geological Engineering, Geology, History, Law, Materials Engineering, Mathematical Physics, Mathematics, Mechanical Engineering, Medicine, Mining Engineering, Neurosciences, Nursing, Pathology, Philosophy, Physics, Political Sciences, Psychology, Rehabilitation and Therapy, Sociology, Statistics</span></p> </div>","<div class=""dd""> <p class=""principal"">Centre : Advanced Materials and Manufacturing</p> <p><span class=""libelle"">Fields of study:</span><span class=""contenu"">Materials Engineering, Production Engineering</span></p> <p><span class=""libelle"">More details:</span><span class=""contenu"">Queen's RMC</span></p> <hr> <p class=""principal"">Centre : Biological Communication</p> <p><span class=""libelle"">Fields of study:</span><span class=""contenu"">Biological and Life Sciences</span></p> <hr> <p class=""principal"">Centre : Geoengineering</p> <p><span class=""libelle"">Fields of study:</span><span class=""contenu"">Geological Engineering</span></p> <hr> <p class=""principal"">Centre : Health Services and Policy Research</p> <p><span class=""libelle"">Fields of study:</span><span class=""contenu"">Health Administration</span></p> <hr> <p class=""principal"">Centre : Industrial Relations</p> <p><span class=""libelle"">Fields of study:</span><span class=""contenu"">Labour and Industrial Relations</span></p> <hr> <p class=""principal"">Centre : International Relations</p> <p><span class=""libelle"">Fields of study:</span><span class=""contenu"">International Relations and Diplomacy</span></p> <hr> <p class=""principal"">Centre : Manufacturing of Advanced Ceramics and Nanomaterials</p> <p><span class=""libelle"">Fields of study:</span><span class=""contenu"">Ceramics and Glass Technology, Nanotechnology</span></p> <hr> <p class=""principal"">Centre : Monieson</p> <p><span class=""libelle"">Fields of study:</span><span class=""contenu"">Economics, Human Resources, Management</span></p> <hr> <p class=""principal"">Centre : Neuroscience Studies</p> <p><span class=""libelle"">Fields of study:</span><span class=""contenu"">Neurosciences</span></p> <hr> <p class=""principal"">Centre : Obesity Research and Education</p> <p><span class=""libelle"">Fields of study:</span><span class=""contenu"">Dietetics</span></p> <hr> <p class=""principal"">Centre : Studies in Primary Care</p> <p><span class=""libelle"">Fields of study:</span><span class=""contenu"">Health Sciences</span></p> <hr> <p class=""principal"">Centre : Study of Democracy</p> <p><span class=""libelle"">Fields of study:</span><span class=""contenu"">Political Sciences</span></p> <hr> <p class=""principal"">Centre : Surveillance Studies</p> <hr> <p class=""principal"">Centre : Water and the Environment</p> <p><span class=""libelle"">Fields of study:</span><span class=""contenu"">Environmental Studies, Water Science</span></p> <hr> <p class=""principal"">Faculty : Arts and Science</p> <p><span class=""libelle"">Fields of study:</span><span class=""contenu"">Anatomy, Ancient Civilizations, Arabic, Archaeology, Art History, Asian Religious Studies, Astronomy and Space Science, Bible, Biochemistry, Biological and Life Sciences, Biology, Cell Biology, Chemistry, Chinese, Classical Languages, Cognitive Sciences, Computer Science, Design, Development Studies, Economics, English, Environmental Studies, Ethics, Film, Fine Arts, French Studies, Gender Studies, Geography, Geography (Human), Geological Engineering, Geology, German, Greek, Greek (Classical), Health Education, Health Sciences, Hebrew, Heritage Preservation, History, History of Religion, Immunology, Italian, Japanese, Jewish Studies, Latin, Linguistics, Literature, Mathematics, Mathematics and Computer Science, Media Studies, Microbiology, Music, Music Education, Music Theory and Composition, Musical Instruments, Musicology, Painting and Drawing, Pharmacology, Philosophy, Physical Education, Physical Engineering, Physical Therapy, Physics, Physiology, Political Sciences, Psychology, Religious Studies, Sociology, Software Engineering, Spanish, Statistics, Surveying and Mapping, Theatre, Theology, Toxicology</span></p> <hr> <p class=""principal"">Faculty : Education</p> <p><span class=""libelle"">Fields of study:</span><span class=""contenu"">Education, Natives Education, Primary Education, Teacher Training</span></p> <hr> <p class=""principal"">Faculty : Engineering and Applied Science</p> <p><span class=""libelle"">Fields of study:</span><span class=""contenu"">Chemical Engineering, Chemistry, Civil Engineering, Computer Engineering, Electrical Engineering, Engineering, Geological Engineering, Materials Engineering, Mathematics, Mechanical Engineering, Mining Engineering, Physics</span></p> <hr> <p class=""principal"">Faculty : Health Sciences</p> <p><span class=""libelle"">Fields of study:</span><span class=""contenu"">Anaesthesiology, Anatomy, Biochemistry, Cardiology, Cell Biology, Endocrinology, Epidemiology, Ethics, Gastroenterology, Gerontology, Haematology, Health Sciences, Immunology, Medicine, Microbiology, Molecular Biology, Nephrology, Neurology, Nursing, Obstetrics and Gynaecology, Occupational Therapy, Oncology, Ophthalmology, Otorhinolaryngology, Paediatrics, Pathology, Pharmacology, Physical Therapy, Physiology, Plastic Surgery, Psychiatry and Mental Health, Public Health, Radiology, Rehabilitation and Therapy, Respiratory Therapy, Rheumatology, Surgery, Toxicology, Urology</span></p> <hr> <p class=""principal"">Faculty : Law</p> <p><span class=""libelle"">Fields of study:</span><span class=""contenu"">Civil Law, Commercial Law, Comparative Law, Constitutional Law, Criminal Law, Economics, European Union Law, Fiscal Law, Human Rights, International Law, Labour Law, Law, Private Law, Public Law</span></p> <hr> <p class=""principal"">Institute : Energy and Environmental Policy</p> <p><span class=""libelle"">Fields of study:</span><span class=""contenu"">Energy Engineering, Environmental Engineering</span></p> <p><span class=""libelle"">More details:</span><span class=""contenu"">Queen's</span></p> <hr> <p class=""principal"">Institute : Intergovernmental Relations</p> <p><span class=""libelle"">Fields of study:</span><span class=""contenu"">International Relations and Diplomacy</span></p> <hr> <p class=""principal"">Institute : Study of Economic Policy</p> <p><span class=""libelle"">Fields of study:</span><span class=""contenu"">Economic and Finance Policy</span></p> <p><span class=""libelle"">More details:</span><span class=""contenu"">John Deutsch</span></p> <hr> <p class=""principal"">Laboratory : High Performance Computing Virtual</p> <p><span class=""libelle"">Fields of study:</span><span class=""contenu"">Computer Engineering</span></p> <p><span class=""libelle"">More details:</span><span class=""contenu"">HPCVL</span></p> <hr> <p class=""principal"">Research Division : Cancer</p> <p><span class=""libelle"">Fields of study:</span><span class=""contenu"">Oncology</span></p> <hr> <p class=""principal"">Research Division : Fuell Cell</p> <p><span class=""libelle"">More details:</span><span class=""contenu"">Queen's -RMC / FCRC</span></p> <hr> <p class=""principal"">Research Division : Human Mobility</p> <p><span class=""libelle"">Fields of study:</span><span class=""contenu"">Demography and Population</span></p> <hr> <p class=""principal"">Research Division : Southern African</p> <p><span class=""libelle"">Fields of study:</span><span class=""contenu"">African Studies</span></p> <hr> <p class=""principal"">Research Division : Sudbury Neutrino Observatory</p> <hr> <p class=""principal"">School : Business</p> <p><span class=""libelle"">Fields of study:</span><span class=""contenu"">Accountancy, Business Administration, Business and Commerce, Data Processing, Economics, Finance, Human Resources, Information Sciences, International Business, Labour and Industrial Relations, Leadership, Management, Marketing, Operations Research, Small Business, Statistics, Taxation</span></p> <hr> <p class=""principal"">School : Graduate Studies</p> <p><span class=""libelle"">Fields of study:</span><span class=""contenu"">Anatomy, Archaeology, Art History, Astronomy and Space Science, Biochemistry, Biology, Biomedical Engineering, Business Administration, Cell Biology, Chemical Engineering, Chemistry, Civil Engineering, Classical Languages, Computer Engineering, Computer Science, Cultural Studies, Development Studies, Economics, Education, Electrical Engineering, Engineering, English, Environmental Studies, Epidemiology, French Studies, Gender Studies, Geography, Geological Engineering, Geology, German, Greek (Classical), Health Sciences, Heritage Preservation, History, Immunology, Labour and Industrial Relations, Latin, Law, Management, Materials Engineering, Mathematics, Mechanical Engineering, Microbiology, Mining Engineering, Molecular Biology, Neurosciences, Nursing, Occupational Therapy, Oncology, Pathology, Pharmacology, Philosophy, Physical Engineering, Physical Therapy, Physics, Physiology, Political Sciences, Psychology, Public Administration, Public Health, Regional Planning, Rehabilitation and Therapy, Religious Studies, Sociology, Statistics, Town Planning, Toxicology</span></p> <hr> <p class=""principal"">School : Religion</p> <p><span class=""libelle"">Fields of study:</span><span class=""contenu"">Asian Religious Studies, Christian Religious Studies, Islamic Theology, Religious Studies, Theology</span></p> </div>","Founded 1841 by Royal Charter issued by Queen Victoria. Modelled on the University of Edinburgh, Scottish academic influences have helped to mould its character. A national institution privately endowed and privately controlled.",Public,English,Also postgraduate medical education in numerous fields. JD programme in Law.,"<div class=""dd""> <p class=""principal"">Head : Patrick Deane</p> <p><span class=""libelle"">Job title:</span><span class=""contenu"">Principal and Vice-Chancellor</span></p> <hr> <p class=""principal"">International Relations Officer : Sandra den Otter</p> <p><span class=""libelle"">Job title:</span><span class=""contenu"">Vice-Provost, Global Engagement</span></p> </div>",Also Branch in British Columbia. Also distance education courses.,Inventory of Research in Progress,K7L 3N6,2024-2025,35612,co-ed,(Queen's),Queen's University,https://www.whed.net/institutions/IAU-013841,https://www.queensu.ca,,,
79,2026-01-01T19:06:31.999Z,https://www.whed.net/detail_institution.php?KDo2MF0sMyxYLSMkYApgCg==,,,,,,,,,,,,,,,Queen's Quarterly,,,,,,,,,,,
105,2026-01-01T19:06:34.332Z,https://www.whed.net/detail_institution.php?KDo2MF0sQ2BTLUNEYApgCg==,,,,,,IAU-020369,,,,,,,,,,,,,,,,,,,,
106,2026-01-01T19:06:36.659Z,https://www.whed.net/detail_institution.php?KDo2MF0sQ2BTLUNEYApgCg==,,,,,,IAU-020369,,,,,,,,,,,,,,,,,,,,
107,2026-01-01T19:06:39.017Z,https://www.whed.net/detail_institution.php?KDo2MF0sMzhWLENgYApgCg==,,,,,,IAU-016620,,,,,,,,,,,,,,,,,,,,
108,2026-01-01T19:06:41.366Z,https://www.whed.net/detail_institution.php?KDo2MF0sMyxYLSMkYApgCg==,September to April (September-December; January-April),Kingston,Ontario,99 University Avenue,Secondary school certificate or recognized foreign equivalent,IAU-013841,"<div class=""dd""> <p class=""principal"">Certificat et diplôme universitaire/University certificate and diploma</p> <hr> <p class=""principal"">Baccalauréat/Bachelor's Degree</p> <hr> <p class=""principal"">Baccalauréat spécialisé/Bachelor’s Degree - Honours</p> <hr> <p class=""principal"">Maîtrise/Master's Degree</p> <hr> <p class=""principal"">Diplôme et certificat de 2e cycle/Graduate Diploma and Certificate</p> <p><span class=""libelle"">Fields of study:</span><span class=""contenu"">Accountancy, Art Management, Business Administration, Education, Nursing, Water Management</span></p> <hr> <p class=""principal"">Doctorat/Doctoral Degree</p> <p><span class=""libelle"">Fields of study:</span><span class=""contenu"">Art History, Astrophysics, Biology, Biomedical Engineering, Biomedicine, Business Administration, Chemical Engineering, Chemistry, Civil Engineering, Computer Engineering, Computer Science, Cultural Studies, Economics, Education, Electrical Engineering, English, Environmental Studies, Epidemiology, French Studies, Geography, Geological Engineering, Geology, History, Law, Materials Engineering, Mathematical Physics, Mathematics, Mechanical Engineering, Medicine, Mining Engineering, Neurosciences, Nursing, Pathology, Philosophy, Physics, Political Sciences, Psychology, Rehabilitation and Therapy, Sociology, Statistics</span></p> </div>","<div class=""dd""> <p class=""principal"">Centre : Advanced Materials and Manufacturing</p> <p><span class=""libelle"">Fields of study:</span><span class=""contenu"">Materials Engineering, Production Engineering</span></p> <p><span class=""libelle"">More details:</span><span class=""contenu"">Queen's RMC</span></p> <hr> <p class=""principal"">Centre : Biological Communication</p> <p><span class=""libelle"">Fields of study:</span><span class=""contenu"">Biological and Life Sciences</span></p> <hr> <p class=""principal"">Centre : Geoengineering</p> <p><span class=""libelle"">Fields of study:</span><span class=""contenu"">Geological Engineering</span></p> <hr> <p class=""principal"">Centre : Health Services and Policy Research</p> <p><span class=""libelle"">Fields of study:</span><span class=""contenu"">Health Administration</span></p> <hr> <p class=""principal"">Centre : Industrial Relations</p> <p><span class=""libelle"">Fields of study:</span><span class=""contenu"">Labour and Industrial Relations</span></p> <hr> <p class=""principal"">Centre : International Relations</p> <p><span class=""libelle"">Fields of study:</span><span class=""contenu"">International Relations and Diplomacy</span></p> <hr> <p class=""principal"">Centre : Manufacturing of Advanced Ceramics and Nanomaterials</p> <p><span class=""libelle"">Fields of study:</span><span class=""contenu"">Ceramics and Glass Technology, Nanotechnology</span></p> <hr> <p class=""principal"">Centre : Monieson</p> <p><span class=""libelle"">Fields of study:</span><span class=""contenu"">Economics, Human Resources, Management</span></p> <hr> <p class=""principal"">Centre : Neuroscience Studies</p> <p><span class=""libelle"">Fields of study:</span><span class=""contenu"">Neurosciences</span></p> <hr> <p class=""principal"">Centre : Obesity Research and Education</p> <p><span class=""libelle"">Fields of study:</span><span class=""contenu"">Dietetics</span></p> <hr> <p class=""principal"">Centre : Studies in Primary Care</p> <p><span class=""libelle"">Fields of study:</span><span class=""contenu"">Health Sciences</span></p> <hr> <p class=""principal"">Centre : Study of Democracy</p> <p><span class=""libelle"">Fields of study:</span><span class=""contenu"">Political Sciences</span></p> <hr> <p class=""principal"">Centre : Surveillance Studies</p> <hr> <p class=""principal"">Centre : Water and the Environment</p> <p><span class=""libelle"">Fields of study:</span><span class=""contenu"">Environmental Studies, Water Science</span></p> <hr> <p class=""principal"">Faculty : Arts and Science</p> <p><span class=""libelle"">Fields of study:</span><span class=""contenu"">Anatomy, Ancient Civilizations, Arabic, Archaeology, Art History, Asian Religious Studies, Astronomy and Space Science, Bible, Biochemistry, Biological and Life Sciences, Biology, Cell Biology, Chemistry, Chinese, Classical Languages, Cognitive Sciences, Computer Science, Design, Development Studies, Economics, English, Environmental Studies, Ethics, Film, Fine Arts, French Studies, Gender Studies, Geography, Geography (Human), Geological Engineering, Geology, German, Greek, Greek (Classical), Health Education, Health Sciences, Hebrew, Heritage Preservation, History, History of Religion, Immunology, Italian, Japanese, Jewish Studies, Latin, Linguistics, Literature, Mathematics, Mathematics and Computer Science, Media Studies, Microbiology, Music, Music Education, Music Theory and Composition, Musical Instruments, Musicology, Painting and Drawing, Pharmacology, Philosophy, Physical Education, Physical Engineering, Physical Therapy, Physics, Physiology, Political Sciences, Psychology, Religious Studies, Sociology, Software Engineering, Spanish, Statistics, Surveying and Mapping, Theatre, Theology, Toxicology</span></p> <hr> <p class=""principal"">Faculty : Education</p> <p><span class=""libelle"">Fields of study:</span><span class=""contenu"">Education, Natives Education, Primary Education, Teacher Training</span></p> <hr> <p class=""principal"">Faculty : Engineering and Applied Science</p> <p><span class=""libelle"">Fields of study:</span><span class=""contenu"">Chemical Engineering, Chemistry, Civil Engineering, Computer Engineering, Electrical Engineering, Engineering, Geological Engineering, Materials Engineering, Mathematics, Mechanical Engineering, Mining Engineering, Physics</span></p> <hr> <p class=""principal"">Faculty : Health Sciences</p> <p><span class=""libelle"">Fields of study:</span><span class=""contenu"">Anaesthesiology, Anatomy, Biochemistry, Cardiology, Cell Biology, Endocrinology, Epidemiology, Ethics, Gastroenterology, Gerontology, Haematology, Health Sciences, Immunology, Medicine, Microbiology, Molecular Biology, Nephrology, Neurology, Nursing, Obstetrics and Gynaecology, Occupational Therapy, Oncology, Ophthalmology, Otorhinolaryngology, Paediatrics, Pathology, Pharmacology, Physical Therapy, Physiology, Plastic Surgery, Psychiatry and Mental Health, Public Health, Radiology, Rehabilitation and Therapy, Respiratory Therapy, Rheumatology, Surgery, Toxicology, Urology</span></p> <hr> <p class=""principal"">Faculty : Law</p> <p><span class=""libelle"">Fields of study:</span><span class=""contenu"">Civil Law, Commercial Law, Comparative Law, Constitutional Law, Criminal Law, Economics, European Union Law, Fiscal Law, Human Rights, International Law, Labour Law, Law, Private Law, Public Law</span></p> <hr> <p class=""principal"">Institute : Energy and Environmental Policy</p> <p><span class=""libelle"">Fields of study:</span><span class=""contenu"">Energy Engineering, Environmental Engineering</span></p> <p><span class=""libelle"">More details:</span><span class=""contenu"">Queen's</span></p> <hr> <p class=""principal"">Institute : Intergovernmental Relations</p> <p><span class=""libelle"">Fields of study:</span><span class=""contenu"">International Relations and Diplomacy</span></p> <hr> <p class=""principal"">Institute : Study of Economic Policy</p> <p><span class=""libelle"">Fields of study:</span><span class=""contenu"">Economic and Finance Policy</span></p> <p><span class=""libelle"">More details:</span><span class=""contenu"">John Deutsch</span></p> <hr> <p class=""principal"">Laboratory : High Performance Computing Virtual</p> <p><span class=""libelle"">Fields of study:</span><span class=""contenu"">Computer Engineering</span></p> <p><span class=""libelle"">More details:</span><span class=""contenu"">HPCVL</span></p> <hr> <p class=""principal"">Research Division : Cancer</p> <p><span class=""libelle"">Fields of study:</span><span class=""contenu"">Oncology</span></p> <hr> <p class=""principal"">Research Division : Fuell Cell</p> <p><span class=""libelle"">More details:</span><span class=""contenu"">Queen's -RMC / FCRC</span></p> <hr> <p class=""principal"">Research Division : Human Mobility</p> <p><span class=""libelle"">Fields of study:</span><span class=""contenu"">Demography and Population</span></p> <hr> <p class=""principal"">Research Division : Southern African</p> <p><span class=""libelle"">Fields of study:</span><span class=""contenu"">African Studies</span></p> <hr> <p class=""principal"">Research Division : Sudbury Neutrino Observatory</p> <hr> <p class=""principal"">School : Business</p> <p><span class=""libelle"">Fields of study:</span><span class=""contenu"">Accountancy, Business Administration, Business and Commerce, Data Processing, Economics, Finance, Human Resources, Information Sciences, International Business, Labour and Industrial Relations, Leadership, Management, Marketing, Operations Research, Small Business, Statistics, Taxation</span></p> <hr> <p class=""principal"">School : Graduate Studies</p> <p><span class=""libelle"">Fields of study:</span><span class=""contenu"">Anatomy, Archaeology, Art History, Astronomy and Space Science, Biochemistry, Biology, Biomedical Engineering, Business Administration, Cell Biology, Chemical Engineering, Chemistry, Civil Engineering, Classical Languages, Computer Engineering, Computer Science, Cultural Studies, Development Studies, Economics, Education, Electrical Engineering, Engineering, English, Environmental Studies, Epidemiology, French Studies, Gender Studies, Geography, Geological Engineering, Geology, German, Greek (Classical), Health Sciences, Heritage Preservation, History, Immunology, Labour and Industrial Relations, Latin, Law, Management, Materials Engineering, Mathematics, Mechanical Engineering, Microbiology, Mining Engineering, Molecular Biology, Neurosciences, Nursing, Occupational Therapy, Oncology, Pathology, Pharmacology, Philosophy, Physical Engineering, Physical Therapy, Physics, Physiology, Political Sciences, Psychology, Public Administration, Public Health, Regional Planning, Rehabilitation and Therapy, Religious Studies, Sociology, Statistics, Town Planning, Toxicology</span></p> <hr> <p class=""principal"">School : Religion</p> <p><span class=""libelle"">Fields of study:</span><span class=""contenu"">Asian Religious Studies, Christian Religious Studies, Islamic Theology, Religious Studies, Theology</span></p> </div>","Founded 1841 by Royal Charter issued by Queen Victoria. Modelled on the University of Edinburgh, Scottish academic influences have helped to mould its character. A national institution privately endowed and privately controlled.",Public,English,Also postgraduate medical education in numerous fields. JD programme in Law.,"<div class=""dd""> <p class=""principal"">Head : Patrick Deane</p> <p><span class=""libelle"">Job title:</span><span class=""contenu"">Principal and Vice-Chancellor</span></p> <hr> <p class=""principal"">International Relations Officer : Sandra den Otter</p> <p><span class=""libelle"">Job title:</span><span class=""contenu"">Vice-Provost, Global Engagement</span></p> </div>",Also Branch in British Columbia. Also distance education courses.,Inventory of Research in Progress,K7L 3N6,2024-2025,35612,co-ed,(Queen's),Queen's University,https://www.whed.net/institutions/IAU-013841,https://www.queensu.ca,,,
108,2026-01-01T19:06:41.366Z,https://www.whed.net/detail_institution.php?KDo2MF0sMyxYLSMkYApgCg==,,,,,,,,,,,,,,,Queen's Quarterly,,,,,,,,,,,
109,2026-01-01T19:06:43.750Z,https://www.whed.net/detail_institution.php?KDo2MF0sM0RZLiM0YApgCg==,,,,,,IAU-019985,,,,,,,,,,,,,,,,,,,,
110,2026-01-01T19:06:46.109Z,https://www.whed.net/detail_institution.php?Jzo2MF0sU2BULUBgYApgCg==,,,,,,IAU-003046,,,,,,,,,,,,,,,,,,,,
111,2026-01-01T19:06:48.426Z,https://www.whed.net/detail_institution.php?Jzo2MF0sMzxULVBgYApgCg==,,,,,,IAU-001747,,,,,,,,,,,,,,,,,,,,
